numvar, minenergy, maxchainlength, chainstrength, qpusamplingtime, qpuaccesstime, qpuprogrammingtime, preparetime, classicaltime
TESTING ADVANTAGE9, 20, -7373.000000, 3, 3310.467127, 10208.0, 25971.56, 15763.56, 490.434000, 0.000000
16, 46, -22337.000000, 3, 3760.892597, 11986.0, 27749.96, 15763.96, 583.729000, 0.000000
25, 101, -53773.000000, 5, 6073.359931, 8902.0, 24665.96, 15763.96, 1272.702000, 0.000000
36, 198, -115926.000000, 7, 4967.446326, 14198.0, 29959.56, 15761.56, 2305.910000, 0.000000
49, 344, -215269.000000, 9, 6363.763600, 13672.0, 29433.96, 15761.96, 4300.228000, 0.000000
64, 541, -371921.000000, 13, 8617.973946, 18396.0, 34158.76, 15762.76, 13344.937000, 0.000000
81, 842, -581643.000000, 14, 8355.269905, 22408.0, 38173.56, 15765.56, 10386.220000, 0.000000
100, 1365, -902030.000000, 22, 10762.498063, 22602.0, 38365.56, 15763.56, 18068.908000, 0.000000
TESTING HYBRIDnumvar, minenergy, maxchainlength, chainstrength, qpusamplingtime, qpuaccesstime, qpuprogrammingtime, preparetime, classicaltime
TESTING ADVANTAGETESTING HYBRID9, -7453.000000, 132656, 0.000000
16, -21449.000000, 190820, 0.000000
25, -52612.000000, 156570, 0.000000
36, -118382.000000, 70373, 0.000000
49, -219296.000000, 52632, 0.000000
64, -361856.000000, 172065, 0.000000
81, -590399.000000, 200072, 0.000000
100, -894226.000000, 179226, 0.000000
